place_value,place_port_or_location,broad_region_value,specific_region_value,broad_region,specific_region_country_or_colony
10101,Alicante,10000,10100,Europe,Spain
10102,Barcelona,10000,10100,Europe,Spain
10103,Bilbao,10000,10100,Europe,Spain
10104,Cadiz,10000,10100,Europe,Spain
10105,Figuera,10000,10100,Europe,Spain
10106,Gibraltar,10000,10100,Europe,Spain
10107,La Coruña,10000,10100,Europe,Spain
10110,Santander,10000,10100,Europe,Spain
10111,Seville,10000,10100,Europe,Spain
10112,San Lucar,10000,10100,Europe,Spain
10113,Vigo,10000,10100,Europe,Spain
10114,Malaga,10000,10100,Europe,Spain
10115,Puerto Santa Maria,10000,10100,Europe,Spain
10199,"Spain, port unspecified",10000,10100,Europe,Spain
10202,Lagos,10000,10200,Europe,Portugal
10203,Lisbon,10000,10200,Europe,Portugal
10204,Oporto,10000,10200,Europe,Portugal
10205,Ilho do Fayal,10000,10200,Europe,Portugal
10206,Setubal,10000,10200,Europe,Portugal
10299,"Portugal, port unspecified",10000,10200,Europe,Portugal
10399,"Great Britain, port unspecified",10000,10300,Europe,Great Britain
10401,Barmouth,10000,10400,Europe,England
10402,Bideford,10000,10400,Europe,England
10403,Birkenhead,10000,10400,Europe,England
10404,Bristol,10000,10400,Europe,England
10405,Brixham,10000,10400,Europe,England
10406,Broadstairs,10000,10400,Europe,England
10407,Cawsand,10000,10400,Europe,England
10408,Chepstow,10000,10400,Europe,England
10409,Chester,10000,10400,Europe,England
10410,Colchester,10000,10400,Europe,England
10411,Cowes,10000,10400,Europe,England
10412,Dartmouth,10000,10400,Europe,England
10413,Deptford,10000,10400,Europe,England
10414,Dover,10000,10400,Europe,England
10415,Exeter,10000,10400,Europe,England
10416,Folkstone,10000,10400,Europe,England
10417,Frodsham,10000,10400,Europe,England
10418,Gainsborough,10000,10400,Europe,England
10419,Greenwich,10000,10400,Europe,England
10420,Guernsey,10000,10400,Europe,England
10421,Harwich,10000,10400,Europe,England
10422,Hull,10000,10400,Europe,England
10423,Ilfracombe,10000,10400,Europe,England
10424,Ipswich,10000,10400,Europe,England
10425,Isle of Man,10000,10400,Europe,England
10426,Isle of Wight,10000,10400,Europe,England
10427,Jersey,10000,10400,Europe,England
10428,Kendal,10000,10400,Europe,England
10429,King's Lynn,10000,10400,Europe,England
10430,Lancaster,10000,10400,Europe,England
10431,Lindale,10000,10400,Europe,England
10432,Liverpool,10000,10400,Europe,England
10433,London,10000,10400,Europe,England
10434,Lyme,10000,10400,Europe,England
10436,Maryport,10000,10400,Europe,England
10437,Milford Haven,10000,10400,Europe,England
10438,New Shoreham,10000,10400,Europe,England
10439,Newcastle upon Tyne,10000,10400,Europe,England
10440,Newnham,10000,10400,Europe,England
10441,North Shields,10000,10400,Europe,England
10442,Northam,10000,10400,Europe,England
10443,Norwich,10000,10400,Europe,England
10444,Padstowe,10000,10400,Europe,England
10445,Parkgate,10000,10400,Europe,England
10446,Piel of Foulney,10000,10400,Europe,England
10447,Plymouth,10000,10400,Europe,England
10448,Poole,10000,10400,Europe,England
10449,Portsery,10000,10400,Europe,England
10450,Portsmouth,10000,10400,Europe,England
10451,Poulton,10000,10400,Europe,England
10452,Preston,10000,10400,Europe,England
10453,Ramsgate,10000,10400,Europe,England
10454,Ravenglass,10000,10400,Europe,England
10455,River Thames,10000,10400,Europe,England
10456,Rochester,10000,10400,Europe,England
10457,Rotherhithe,10000,10400,Europe,England
10458,Rye,10000,10400,Europe,England
10459,Scarborough,10000,10400,Europe,England
10460,Sheerness,10000,10400,Europe,England
10461,Shields,10000,10400,Europe,England
10462,Shoreham,10000,10400,Europe,England
10463,Sidmouth,10000,10400,Europe,England
10464,Southampton,10000,10400,Europe,England
10466,Stockton,10000,10400,Europe,England
10467,Stockwithe,10000,10400,Europe,England
10468,Sunderland,10000,10400,Europe,England
10469,Teignmouth,10000,10400,Europe,England
10470,Topsham,10000,10400,Europe,England
10471,Torbay,10000,10400,Europe,England
10472,Wales,10000,10400,Europe,England
10473,Whitby,10000,10400,Europe,England
10474,Whitehaven,10000,10400,Europe,England
10476,Workington,10000,10400,Europe,England
10477,Yarmouth,10000,10400,Europe,England
10478,Youghal,10000,10400,Europe,England
10479,Conway,10000,10400,Europe,England
10480,Falmouth (England),10000,10400,Europe,England
10481,Lymehouse (London),10000,10400,Europe,England
10482,St Osyth,10000,10400,Europe,England
10483,Woodbridge,10000,10400,Europe,England
10484,Workington,10000,10400,Europe,England
10485,Lympstone,10000,10400,Europe,England
10499,"England, port unspecified",10000,10400,Europe,England
10501,Airth,10000,10500,Europe,Scotland
10502,Borrowstounness,10000,10500,Europe,Scotland
10503,Dundee,10000,10500,Europe,Scotland
10504,Glasgow,10000,10500,Europe,Scotland
10505,Greenock,10000,10500,Europe,Scotland
10506,Leith,10000,10500,Europe,Scotland
10507,Lough Neagh,10000,10500,Europe,Scotland
10508,Montrose,10000,10500,Europe,Scotland
10509,Ross,10000,10500,Europe,Scotland
10510,Saltcoats,10000,10500,Europe,Scotland
10511,"Largo, Fifeshire",10000,10500,Europe,Scotland
10512,Dumfries,10000,10500,Europe,Scotland
10513,Point Askaig,10000,10500,Europe,Scotland
10514,Cambletown,10000,10500,Europe,Scotland
10515,Portpatrick,10000,10500,Europe,Scotland
10516,Erwin,10000,10500,Europe,Scotland
10517,Aberdeen,10000,10500,Europe,Scotland
10518,Stranraer,10000,10500,Europe,Scotland
10519,Oban,10000,10500,Europe,Scotland
10599,"Scotland, port unspecified",10000,10500,Europe,Scotland
10601,Cork,10000,10600,Europe,Ireland
10602,Dublin,10000,10600,Europe,Ireland
10603,Dungarvan,10000,10600,Europe,Ireland
10604,Galway,10000,10600,Europe,Ireland
10605,Kinsale,10000,10600,Europe,Ireland
10606,Limerick,10000,10600,Europe,Ireland
10607,Londonderry,10000,10600,Europe,Ireland
10608,Ringsend,10000,10600,Europe,Ireland
10609,Strangford,10000,10600,Europe,Ireland
10610,Waterford,10000,10600,Europe,Ireland
10611,Wexford,10000,10600,Europe,Ireland
10612,Belfast,10000,10600,Europe,Ireland
10613,Coleraine,10000,10600,Europe,Ireland
10699,"Ireland, port unspecified",10000,10600,Europe,Ireland
10702,Bayonne,10000,10700,Europe,France
10703,Bordeaux,10000,10700,Europe,France
10704,Brest,10000,10700,Europe,France
10705,Calais,10000,10700,Europe,France
10706,Camaret,10000,10700,Europe,France
10707,Dieppe,10000,10700,Europe,France
10708,Dinard,10000,10700,Europe,France
10709,Dunkerque,10000,10700,Europe,France
10710,Honfleur,10000,10700,Europe,France
10711,Ile de Batz,10000,10700,Europe,France
10712,La Rochelle,10000,10700,Europe,France
10713,Le Havre,10000,10700,Europe,France
10714,Les Sables,10000,10700,Europe,France
10715,Lorient,10000,10700,Europe,France
10716,Marseille,10000,10700,Europe,France
10717,Mediterranean coast (France),10000,10700,Europe,France
10718,Mindin,10000,10700,Europe,France
10719,Morlaix,10000,10700,Europe,France
10720,Nantes,10000,10700,Europe,France
10721,Paimboeuf,10000,10700,Europe,France
10722,Port Louis,10000,10700,Europe,France
10723,Quimper,10000,10700,Europe,France
10724,Rochefort,10000,10700,Europe,France
10725,Saint-Brieuc,10000,10700,Europe,France
10726,Saint-Malo,10000,10700,Europe,France
10727,Saint-Nazaire,10000,10700,Europe,France
10728,Saint-Tropez,10000,10700,Europe,France
10729,Sete,10000,10700,Europe,France
10730,Vannes,10000,10700,Europe,France
10799,"France, port unspecified",10000,10700,Europe,France
10810,Amsterdam,10000,10800,Europe,Netherlands
10821,Enkhuizen,10000,10800,Europe,Netherlands
10822,Hoorn,10000,10800,Europe,Netherlands
10827,Zaandam,10000,10800,Europe,Netherlands
10828,Zuider Zee,10000,10800,Europe,Netherlands
10829,Texel,10000,10800,Europe,Netherlands
10830,Rotterdam,10000,10800,Europe,Netherlands
10831,Dordrecht,10000,10800,Europe,Netherlands
10832,Maze,10000,10800,Europe,Netherlands
10833,Moerdijk,10000,10800,Europe,Netherlands
10834,Hellevoetsluis,10000,10800,Europe,Netherlands
10840,Zeeland,10000,10800,Europe,Netherlands
10850,Middelburg,10000,10800,Europe,Netherlands
10851,Vlissingen,10000,10800,Europe,Netherlands
10852,Veere,10000,10800,Europe,Netherlands
10853,Zeeland or Middelburg,10000,10800,Europe,Netherlands
10860,Groningen,10000,10800,Europe,Netherlands
10861,Stad en Lande,10000,10800,Europe,Netherlands
10899,"Netherlands, port unspecified",10000,10800,Europe,Netherlands
10901,København,10000,10900,Europe,Denmark
10902,Husum,10000,10900,Europe,Denmark
10903,Helsingør,10000,10900,Europe,Denmark
10999,"Denmark, port unspecified",10000,10900,Europe,Denmark
11001,Pillau,10000,11000,Europe,Northern Germany
11002,Elbe,10000,11000,Europe,Northern Germany
11003,Emden,10000,11000,Europe,Northern Germany
11004,Hamburg,10000,11000,Europe,Northern Germany
11005,Hanover,10000,11000,Europe,Northern Germany
11006,Lübeck,10000,11000,Europe,Northern Germany
11007,Glückstadt,10000,11000,Europe,Northern Germany
11099,"Northern Germany, port unspecified",10000,11000,Europe,Northern Germany
11101,Antwerp,10000,11100,Europe,Belgium
11102,Flanders,10000,11100,Europe,Belgium
11103,Brugge,10000,11100,Europe,Belgium
11199,"Belgium, port unspecified",10000,11100,Europe,Belgium
11201,Tønsberg,10000,11200,Europe,Norway
11202,Bergen,10000,11200,Europe,Norway
11301,Göteborg,10000,11300,Europe,Sweden
11399,"Sweden, port unspecified",10000,11300,Europe,Sweden
11401,Genova,10000,11400,Europe,Italy
11402,Napoli,10000,11400,Europe,Italy
11404,Trieste,10000,11400,Europe,Italy
11499,"Italy, port unspecified",10000,11400,Europe,Italy
11501,Kronstadt,10000,11500,Europe,Russia
11502,Odessa,10000,11500,Europe,Russia
11599,"Russia, port unspecified",10000,11500,Europe,Russia
11601,Sardinia,10000,11600,Europe,Mediterranean
11699,"Mediterranean, port unspecified",10000,11600,Europe,Mediterranean
20101,Bristol (RI),20000,20100,Mainland North America,Rhode Island
20102,Little Compton,20000,20100,Mainland North America,Rhode Island
20103,Newport,20000,20100,Mainland North America,Rhode Island
20104,North Kingston,20000,20100,Mainland North America,Rhode Island
20105,Providence,20000,20100,Mainland North America,Rhode Island
20106,Tiverton,20000,20100,Mainland North America,Rhode Island
20107,Warren,20000,20100,Mainland North America,Rhode Island
20108,"Warwick, RI",20000,20100,Mainland North America,Rhode Island
20199,"Rhode Island, port unspecified",20000,20100,Mainland North America,Rhode Island
20201,Bath,20000,20200,Mainland North America,Maine
20202,Berwick,20000,20200,Mainland North America,Maine
20203,Biddeford,20000,20200,Mainland North America,Maine
20204,Calais (Maine),20000,20200,Mainland North America,Maine
20205,Camden,20000,20200,Mainland North America,Maine
20207,Freeport,20000,20200,Mainland North America,Maine
20208,Portland,20000,20200,Mainland North America,Maine
20209,Prospect,20000,20200,Mainland North America,Maine
20210,Richmond,20000,20200,Mainland North America,Maine
20211,Robbinston,20000,20200,Mainland North America,Maine
20212,Rockland,20000,20200,Mainland North America,Maine
20213,Sheepscutt River,20000,20200,Mainland North America,Maine
20214,Wiscasset,20000,20200,Mainland North America,Maine
20215,Kittery Point,20000,20200,Mainland North America,Maine
20216,Orrington,20000,20200,Mainland North America,Maine
20217,Penobscot,20000,20200,Mainland North America,Maine
20299,"Maine, port unspecified",20000,20200,Mainland North America,Maine
20301,Piscataqua,20000,20300,Mainland North America,New Hampshire
20302,Portsmouth (NH),20000,20300,Mainland North America,New Hampshire
20303,North Hampton,20000,20300,Mainland North America,New Hampshire
20399,"New Hampshire, port unspecified",20000,20300,Mainland North America,New Hampshire
20401,Massachusetts Bay,20000,20400,Mainland North America,Massachusetts
20402,Amesbury,20000,20400,Mainland North America,Massachusetts
20403,Arundel,20000,20400,Mainland North America,Massachusetts
20404,Boston,20000,20400,Mainland North America,Massachusetts
20405,Chatham,20000,20400,Mainland North America,Massachusetts
20406,Cohasset,20000,20400,Mainland North America,Massachusetts
20407,Dighton,20000,20400,Mainland North America,Massachusetts
20408,Duxbury,20000,20400,Mainland North America,Massachusetts
20409,Freetown (Mass.),20000,20400,Mainland North America,Massachusetts
20410,Georgetown (Mass.),20000,20400,Mainland North America,Massachusetts
20411,Hingham,20000,20400,Mainland North America,Massachusetts
20412,Kingston (Mass.),20000,20400,Mainland North America,Massachusetts
20413,Marblehead,20000,20400,Mainland North America,Massachusetts
20414,Marshfield,20000,20400,Mainland North America,Massachusetts
20415,New Bedford,20000,20400,Mainland North America,Massachusetts
20416,Newbury,20000,20400,Mainland North America,Massachusetts
20417,Salem,20000,20400,Mainland North America,Massachusetts
20418,Salisbury,20000,20400,Mainland North America,Massachusetts
20419,Salfatudas,20000,20400,Mainland North America,Massachusetts
20420,Scituate,20000,20400,Mainland North America,Massachusetts
20421,Swansea,20000,20400,Mainland North America,Massachusetts
20422,Weymouth,20000,20400,Mainland North America,Massachusetts
20423,Charlestown,20000,20400,Mainland North America,Massachusetts
20424,Newburyport,20000,20400,Mainland North America,Massachusetts
20425,Nantucket,20000,20400,Mainland North America,Massachusetts
20426,Plymouth,20000,20400,Mainland North America,Massachusetts
20427,Dartmouth,20000,20400,Mainland North America,Massachusetts
20428,Somerset,20000,20400,Mainland North America,Massachusetts
20499,"Massachusetts, port unspecified",20000,20400,Mainland North America,Massachusetts
20501,Bridgeport,20000,20500,Mainland North America,Connecticut
20502,Guildford,20000,20500,Mainland North America,Connecticut
20503,Haddam,20000,20500,Mainland North America,Connecticut
20504,New Haven,20000,20500,Mainland North America,Connecticut
20505,New London,20000,20500,Mainland North America,Connecticut
20506,Middletown,20000,20500,Mainland North America,Connecticut
20507,Hartford,20000,20500,Mainland North America,Connecticut
20508,Fairfield,20000,20500,Mainland North America,Connecticut
20509,Killingworth,20000,20500,Mainland North America,Connecticut
20510,Weathersfield,20000,20500,Mainland North America,Connecticut
20599,"Connecticut, port unspecified",20000,20500,Mainland North America,Connecticut
20601,Brookhaven,20000,20600,Mainland North America,New York
20602,Long Island,20000,20600,Mainland North America,New York
20603,Sag Harbor,20000,20600,Mainland North America,New York
20699,New York,20000,20600,Mainland North America,New York
20701,Wilmington (Del.),20000,20700,Mainland North America,Delaware
20799,"Delaware, port unspecified",20000,20700,Mainland North America,Delaware
20801,Delaware River,20000,20800,Mainland North America,New Jersey
20802,Eastern New Jersey,20000,20800,Mainland North America,New Jersey
20803,Milwell,20000,20800,Mainland North America,New Jersey
20804,Perth Amboy,20000,20800,Mainland North America,New Jersey
20805,Wharton,20000,20800,Mainland North America,New Jersey
20806,Burlington,20000,20800,Mainland North America,New Jersey
20807,Newark,20000,20800,Mainland North America,New Jersey
20808,"Cohanzie, NJ",20000,20800,Mainland North America,New Jersey
20899,"New Jersey, port unspecified",20000,20800,Mainland North America,New Jersey
20901,Marcus Hook,20000,20900,Mainland North America,Pennsylvania
20902,Philadelphia,20000,20900,Mainland North America,Pennsylvania
20999,"Pennsylvania, port unspecified",20000,20900,Mainland North America,Pennsylvania
21001,Annapolis,20000,21000,Mainland North America,Maryland
21002,Baltimore,20000,21000,Mainland North America,Maryland
21003,North Potomac,20000,21000,Mainland North America,Maryland
21004,Oxford,20000,21000,Mainland North America,Maryland
21005,Pamunkey,20000,21000,Mainland North America,Maryland
21006,Patuxent,20000,21000,Mainland North America,Maryland
21007,Talbot County,20000,21000,Mainland North America,Maryland
21008,Wye River,20000,21000,Mainland North America,Maryland
21009,Cecil County,20000,21000,Mainland North America,Maryland
21010,Choptank,20000,21000,Mainland North America,Maryland
21011,Pocomoke,20000,21000,Mainland North America,Maryland
21012,St. Mary's River,20000,21000,Mainland North America,Maryland
21013,Londontowne,20000,21000,Mainland North America,Maryland
21099,"Maryland, port unspecified",20000,21000,Mainland North America,Maryland
21101,Elizabeth River,20000,21100,Mainland North America,Virginia
21102,Hampton,20000,21100,Mainland North America,Virginia
21103,Lower James River,20000,21100,Mainland North America,Virginia
21104,Norfolk,20000,21100,Mainland North America,Virginia
21105,Northampton County,20000,21100,Mainland North America,Virginia
21106,Potomac river,20000,21100,Mainland North America,Virginia
21107,Rappahannock,20000,21100,Mainland North America,Virginia
21108,South Potomac,20000,21100,Mainland North America,Virginia
21109,Upper James River,20000,21100,Mainland North America,Virginia
21110,Williamsburg,20000,21100,Mainland North America,Virginia
21111,York River,20000,21100,Mainland North America,Virginia
21112,Vatt (location undetermined),20000,21100,Mainland North America,Virginia
21113,Accomac,20000,21100,Mainland North America,Virginia
21114,Urbanna,20000,21100,Mainland North America,Virginia
21115,Richmond (VA),20000,21100,Mainland North America,Virginia
21116,Hampton Roads,20000,21100,Mainland North America,Virginia
21199,"Virginia, port unspecified",20000,21100,Mainland North America,Virginia
21201,Bertie County,20000,21200,Mainland North America,North Carolina
21202,Chowan river,20000,21200,Mainland North America,North Carolina
21203,New Bern,20000,21200,Mainland North America,North Carolina
21204,Hyde County,20000,21200,Mainland North America,North Carolina
21205,Roanoke,20000,21200,Mainland North America,North Carolina
21206,"Beaufort, NC",20000,21200,Mainland North America,North Carolina
21207,Brunswick,20000,21200,Mainland North America,North Carolina
21208,Cape Fear,20000,21200,Mainland North America,North Carolina
21209,Edenton,20000,21200,Mainland North America,North Carolina
21210,Wilmington,20000,21200,Mainland North America,North Carolina
21299,"North Carolina, port unspecified",20000,21200,Mainland North America,North Carolina
21301,Beaufort,20000,21300,Mainland North America,South Carolina
21302,Charleston,20000,21300,Mainland North America,South Carolina
21304,Georgetown (SC),20000,21300,Mainland North America,South Carolina
21399,"South Carolina, port unspecified",20000,21300,Mainland North America,South Carolina
21401,Savannah,20000,21400,Mainland North America,Georgia
21402,Sunbury,20000,21400,Mainland North America,Georgia
21403,Tybee Island,20000,21400,Mainland North America,Georgia
21404,Cumberland Island,20000,21400,Mainland North America,Georgia
21405,Jekyll Island,20000,21400,Mainland North America,Georgia
21499,"Georgia, port unspecified",20000,21400,Mainland North America,Georgia
21501,St. Augustine,20000,21500,Mainland North America,Florida
21502,Pensacola,20000,21500,Mainland North America,Florida
21503,Amelia Island,20000,21500,Mainland North America,Florida
21504,Key West,20000,21500,Mainland North America,Florida
21505,Indian River,20000,21500,Mainland North America,Florida
21506,East Florida,20000,21500,Mainland North America,Florida
21599,"Florida, port unspecified",20000,21500,Mainland North America,Florida
21601,New Orleans,20000,21600,Mainland North America,Gulf coast
21602,La Balise,20000,21600,Mainland North America,Gulf coast
21603,"Louisiana, port unspecified",20000,21600,Mainland North America,Gulf coast
21604,Biloxi,20000,21600,Mainland North America,Gulf coast
21605,"Mississippi, port unspecified",20000,21600,Mainland North America,Gulf coast
21606,Mobile,20000,21600,Mainland North America,Gulf coast
21607,Vicksburg (MS),20000,21600,Mainland North America,Gulf coast
21699,"Gulf Coast, port unspecified",20000,21600,Mainland North America,Gulf coast
21701,Quebec,20000,21700,Mainland North America,Canada
21702,New Brunswick,20000,21700,Mainland North America,Canada
21703,St. John,20000,21700,Mainland North America,Canada
21704,Newfoundland,20000,21700,Mainland North America,Canada
21705,Nova Scotia,20000,21700,Mainland North America,Canada
21706,Halifax,20000,21700,Mainland North America,Canada
21707,Mahone Bay,20000,21700,Mainland North America,Canada
21708,"Roseway, NS",20000,21700,Mainland North America,Canada
21801,Smithfield,20000,21800,Mainland North America,Kentucky
21802,Louisville,20000,21800,Mainland North America,Kentucky
21899,"Kentucky, port unspecified",20000,21800,Mainland North America,Kentucky
21901,Newport and Boston,20000,21900,Mainland North America,Other North America
21902,Newport and Salem,20000,21900,Mainland North America,Other North America
21903,New England,20000,21900,Mainland North America,Other North America
21904,Carolinas,20000,21900,Mainland North America,Other North America
21905,Chesapeake,20000,21900,Mainland North America,Other North America
21906,"Washington, DC",20000,21900,Mainland North America,Other North America
21999,"USA, location unspecified",20000,21900,Mainland North America,Other North America
22001,Nashville,20000,22000,Mainland North America,Tennessee
22099,"Tennessee, port unspecified",20000,22000,Mainland North America,Tennessee
22101,Woodville,20000,22100,Mainland North America,Texas
22199,"Texas, port unspecified",20000,22100,Mainland North America,Texas
31102,Isabela,30000,31100,Caribbean,Hispaniola
31103,Monte Christi,30000,31100,Caribbean,Hispaniola
31104,Samana,30000,31100,Caribbean,Hispaniola
31106,San(to) Domingo,30000,31100,Caribbean,Hispaniola
31107,Ocoa,30000,31100,Caribbean,Hispaniola
31108,Nizao,30000,31100,Caribbean,Hispaniola
31109,Puerto de Plata,30000,31100,Caribbean,Hispaniola
31110,Isla Saona,30000,31100,Caribbean,Hispaniola
31199,"Hispaniola, unspecified",30000,31100,Caribbean,Hispaniola
31201,San Juan,30000,31200,Caribbean,Puerto Rico
31202,Ponce,30000,31200,Caribbean,Puerto Rico
31299,"Puerto Rico, port unspecified",30000,31200,Caribbean,Puerto Rico
31301,Bahia Honda,30000,31300,Caribbean,Cuba
31302,Banes,30000,31300,Caribbean,Cuba
31303,Cabanas,30000,31300,Caribbean,Cuba
31304,Caibarien,30000,31300,Caribbean,Cuba
31305,Canasí,30000,31300,Caribbean,Cuba
31306,Cardenas,30000,31300,Caribbean,Cuba
31307,Cienfuegos,30000,31300,Caribbean,Cuba
31308,"Cuba, south coast",30000,31300,Caribbean,Cuba
31309,"Cuba, west coast",30000,31300,Caribbean,Cuba
31310,Estuary of River Guane,30000,31300,Caribbean,Cuba
31311,Guanimar,30000,31300,Caribbean,Cuba
31312,Havana,30000,31300,Caribbean,Cuba
31313,Isla de Pinas,30000,31300,Caribbean,Cuba
31314,"Magari, Manzanillo",30000,31300,Caribbean,Cuba
31315,Mariel,30000,31300,Caribbean,Cuba
31316,Matanzas,30000,31300,Caribbean,Cuba
31317,"Matanzas province, north",30000,31300,Caribbean,Cuba
31318,"Matanzas province, south",30000,31300,Caribbean,Cuba
31319,Nuevitas,30000,31300,Caribbean,Cuba
31320,Puerto Padre,30000,31300,Caribbean,Cuba
31321,Sagua,30000,31300,Caribbean,Cuba
31322,San Juan de los Remedios,30000,31300,Caribbean,Cuba
31323,Santiago de Cuba,30000,31300,Caribbean,Cuba
31324,Trinidad de Cuba,30000,31300,Caribbean,Cuba
31326,Batabanó,30000,31300,Caribbean,Cuba
31327,Baracoa,30000,31300,Caribbean,Cuba
31328,Punta Macurijes,30000,31300,Caribbean,Cuba
31329,South Keys,30000,31300,Caribbean,Cuba
31330,Puerto Principe,30000,31300,Caribbean,Cuba
31331,HolguÍn,30000,31300,Caribbean,Cuba
31399,"Cuba, port unspecified",30000,31300,Caribbean,Cuba
31401,St. Andreas,30000,31400,Caribbean,Other Spanish Caribbean
31499,"Spanish Caribbean, unspecified",30000,31400,Caribbean,Other Spanish Caribbean
32110,Curaçao,30000,32100,Caribbean,Dutch Caribbean
32120,Aruba,30000,32100,Caribbean,Dutch Caribbean
32130,Bonaire,30000,32100,Caribbean,Dutch Caribbean
32140,St. Maarten,30000,32100,Caribbean,Dutch Caribbean
32141,Cul de Sac (St. Maarten),30000,32100,Caribbean,Dutch Caribbean
32150,St. Eustatius,30000,32100,Caribbean,Dutch Caribbean
32151,Saba,30000,32100,Caribbean,Dutch Caribbean
32199,"Dutch Caribbean, colony unspecified",30000,32100,Caribbean,Dutch Caribbean
32201,Guiana,30000,32200,Caribbean,Dutch Guianas
32202,Nova Zeelandia (Wild Coast),30000,32200,Caribbean,Dutch Guianas
32230,Essequibo,30000,32200,Caribbean,Dutch Guianas
32240,Suriname,30000,32200,Caribbean,Dutch Guianas
32241,Paramaribo,30000,32200,Caribbean,Dutch Guianas
32250,Berbice,30000,32200,Caribbean,Dutch Guianas
32299,"Dutch Guianas, colony unspecified",30000,32200,Caribbean,Dutch Guianas
32301,Bijsterpan (location undetermined),30000,32300,Caribbean,Other Dutch Americas
32399,"Other Dutch Americas, colony unspecified",30000,32300,Caribbean,Other Dutch Americas
33402,Barbuda,30000,33400,Caribbean,Antigua
33499,"Antigua, port unspecified",30000,33400,Caribbean,Antigua
33699,"Nevis, port unspecified",30000,33600,Caribbean,Nevis
33802,"St. Marc, Dominica",30000,33800,Caribbean,Dominica
33899,"Dominica, port unspecified",30000,33800,Caribbean,Dominica
34202,Speightstown,30000,34200,Caribbean,Barbados
34299,"Barbados, port unspecified",30000,34200,Caribbean,Barbados
34699,"Tobago, port unspecified",30000,34600,Caribbean,Tobago
35102,Antonia (a) Port Antonio,30000,35100,Caribbean,Jamaica
35103,Black River,30000,35100,Caribbean,Jamaica
35104,Falmouth (Jamaica),30000,35100,Caribbean,Jamaica
35105,Lucea (a) St. Lucea,30000,35100,Caribbean,Jamaica
35106,Martha Brae,30000,35100,Caribbean,Jamaica
35107,Montego Bay,30000,35100,Caribbean,Jamaica
35108,Morant Bay,30000,35100,Caribbean,Jamaica
35109,Port Maria,30000,35100,Caribbean,Jamaica
35110,Port Royal,30000,35100,Caribbean,Jamaica
35111,Saint Ann's Bay,30000,35100,Caribbean,Jamaica
35112,Savanna la Mar,30000,35100,Caribbean,Jamaica
35113,Spanish Town,30000,35100,Caribbean,Jamaica
35114,Kingston (Jamaica),30000,35100,Caribbean,Jamaica
35199,"Jamaica, port unspecified",30000,35100,Caribbean,Jamaica
35201,New Providence,30000,35200,Caribbean,Bahamas
35202,Turk's Island,30000,35200,Caribbean,Bahamas
35203,Nassau,30000,35200,Caribbean,Bahamas
35204,"Cat Island, Bahamas",30000,35200,Caribbean,Bahamas
35205,Exuma,30000,35200,Caribbean,Bahamas
35206,"Heneague, Bahamas",30000,35200,Caribbean,Bahamas
35299,"Bahamas, port unspecified",30000,35200,Caribbean,Bahamas
35301,Cumingsberg,30000,35300,Caribbean,British Guiana
35302,Stabroek,30000,35300,Caribbean,British Guiana
35304,Demerara,30000,35300,Caribbean,British Guiana
35305,Kingston (Demerera),30000,35300,Caribbean,British Guiana
35399,"British Guiana, port unspecified",30000,35300,Caribbean,British Guiana
35401,Mosquito Shore,30000,35400,Caribbean,British Honduras
35402,Trujillo,30000,35400,Caribbean,British Honduras
35499,"Honduras, port unspecified",30000,35400,Caribbean,British Honduras
35502,Antigua or Dominica,30000,35500,Caribbean,Other British Caribbean
35503,Barbados and Jamaica,30000,35500,Caribbean,Other British Caribbean
35504,Dominica or Jamaica,30000,35500,Caribbean,Other British Caribbean
35505,Jamaica or St. Kitts,30000,35500,Caribbean,Other British Caribbean
35507,British Leewards,30000,35500,Caribbean,Other British Caribbean
35508,Bermuda,30000,35500,Caribbean,Other British Caribbean
35509,Hamilton (Bermuda),30000,35500,Caribbean,Other British Caribbean
35510,Becquia,30000,35500,Caribbean,Other British Caribbean
35511,Grand Caymans,30000,35500,Caribbean,Other British Caribbean
35512,Providence Island,30000,35500,Caribbean,Other British Caribbean
35599,"British Caribbean, colony unspecified",30000,35500,Caribbean,Other British Caribbean
36101,Fort-Royale,30000,36100,Caribbean,Martinique
36102,Saint-Pierre,30000,36100,Caribbean,Martinique
36199,"Martinique, port unspecified",30000,36100,Caribbean,Martinique
36201,Basse-Terre,30000,36200,Caribbean,Guadeloupe
36202,Pointe-à-Pitre,30000,36200,Caribbean,Guadeloupe
36203,Marie-Galante,30000,36200,Caribbean,Guadeloupe
36204,"Grande-Terre, port unspecified",30000,36200,Caribbean,Guadeloupe
36299,"Guadeloupe, port unspecified",30000,36200,Caribbean,Guadeloupe
36301,Cayenne,30000,36300,Caribbean,French Guiana
36302,Oyapock,30000,36300,Caribbean,French Guiana
36399,"Guyane française, port unspecified",30000,36300,Caribbean,French Guiana
36401,Tortuga (a) Saltatudas,30000,36400,Caribbean,Saint-Domingue
36402,Arcahaie,30000,36400,Caribbean,Saint-Domingue
36403,Cap Français,30000,36400,Caribbean,Saint-Domingue
36404,Cayes (Les),30000,36400,Caribbean,Saint-Domingue
36405,Cul-de-Sac,30000,36400,Caribbean,Saint-Domingue
36406,Fort Dauphin,30000,36400,Caribbean,Saint-Domingue
36407,Jacmel,30000,36400,Caribbean,Saint-Domingue
36408,Jérémie,30000,36400,Caribbean,Saint-Domingue
36409,Léogane,30000,36400,Caribbean,Saint-Domingue
36410,Môle Saint Nicolas,30000,36400,Caribbean,Saint-Domingue
36411,Petit-Goâve,30000,36400,Caribbean,Saint-Domingue
36412,Port-au-Prince,30000,36400,Caribbean,Saint-Domingue
36413,Port-de-Paix,30000,36400,Caribbean,Saint-Domingue
36414,Saint-Marc,30000,36400,Caribbean,Saint-Domingue
36415,Île à Vache,30000,36400,Caribbean,Saint-Domingue
36416,Cap Tiberon,30000,36400,Caribbean,Saint-Domingue
36420,Gonaïve,30000,36400,Caribbean,Saint-Domingue
36499,"Saint-Domingue, port unspecified",30000,36400,Caribbean,Saint-Domingue
37020,St. Thomas,30000,37000,Caribbean,Danish West Indies
37030,St. John (Virgin Islands),30000,37000,Caribbean,Danish West Indies
37040,Spanish Town (Virgin Islands),30000,37000,Caribbean,Danish West Indies
37099,"Danish West Indies, colony unspecified",30000,37000,Caribbean,Danish West Indies
38101,Gustavia (St. Barthélemy),30000,38100,Caribbean,St. Barthélemy (Sweden)
38199,"St. Barthélemy, port unspecified",30000,38100,Caribbean,St. Barthélemy (Sweden)
39001,Caribbean (colony unspecified),30000,39000,Caribbean,Other Caribbean
39002,West Indies (colony unspecified),30000,39000,Caribbean,Other Caribbean
39003,Orici (location undetermined),30000,39000,Caribbean,Other Caribbean
39004,Bottomaneau (location undetermined),30000,39000,Caribbean,Other Caribbean
39005,Marcades (location undetermined),30000,39000,Caribbean,Other Caribbean
41201,New Spain,40000,41200,Spanish American Mainland,Spanish Circum-Caribbean
41202,Campeche,40000,41200,Spanish American Mainland,Spanish Circum-Caribbean
41203,Veracruz,40000,41200,Spanish American Mainland,Spanish Circum-Caribbean
41204,Guatemala,40000,41200,Spanish American Mainland,Spanish Circum-Caribbean
41205,Santo Tomas,40000,41200,Spanish American Mainland,Spanish Circum-Caribbean
41206,Portobelo,40000,41200,Spanish American Mainland,Spanish Circum-Caribbean
41207,Cartagena,40000,41200,Spanish American Mainland,Spanish Circum-Caribbean
41208,Santa Marta,40000,41200,Spanish American Mainland,Spanish Circum-Caribbean
41210,Venezuela,40000,41200,Spanish American Mainland,Spanish Circum-Caribbean
41211,Borburata,40000,41200,Spanish American Mainland,Spanish Circum-Caribbean
41212,Caracas,40000,41200,Spanish American Mainland,Spanish Circum-Caribbean
41213,Cumana,40000,41200,Spanish American Mainland,Spanish Circum-Caribbean
41214,La Guaira,40000,41200,Spanish American Mainland,Spanish Circum-Caribbean
41215,Margarita,40000,41200,Spanish American Mainland,Spanish Circum-Caribbean
41216,Orinoko,40000,41200,Spanish American Mainland,Spanish Circum-Caribbean
41217,Rio de la Hacha,40000,41200,Spanish American Mainland,Spanish Circum-Caribbean
41218,Darien,40000,41200,Spanish American Mainland,Spanish Circum-Caribbean
41219,Nombre de Dios,40000,41200,Spanish American Mainland,Spanish Circum-Caribbean
41220,Rattan (a) Roatán,40000,41200,Spanish American Mainland,Spanish Circum-Caribbean
41221,Puerto Cabello,40000,41200,Spanish American Mainland,Spanish Circum-Caribbean
41222,Isla de Aves,40000,41200,Spanish American Mainland,Spanish Circum-Caribbean
41223,Coro,40000,41200,Spanish American Mainland,Spanish Circum-Caribbean
41224,Maracaibo,40000,41200,Spanish American Mainland,Spanish Circum-Caribbean
41225,Nueva Barcelona,40000,41200,Spanish American Mainland,Spanish Circum-Caribbean
41226,"Guayana, Venezuela",40000,41200,Spanish American Mainland,Spanish Circum-Caribbean
41227,Caracas Coast and Tucacas,40000,41200,Spanish American Mainland,Spanish Circum-Caribbean
41228,Caye de San Juan,40000,41200,Spanish American Mainland,Spanish Circum-Caribbean
41252,Trujillo,40000,41200,Spanish American Mainland,Spanish Circum-Caribbean
41298,"Honduras, port unspecified",40000,41200,Spanish American Mainland,Spanish Circum-Caribbean
41299,"Spanish Circum-Caribbean, unspecified",40000,41200,Spanish American Mainland,Spanish Circum-Caribbean
42001,Buenos Aires,40000,42000,Spanish American Mainland,Rio de la Plata
42002,Montevideo,40000,42000,Spanish American Mainland,Rio de la Plata
42003,Colonia de Sacramento,40000,42000,Spanish American Mainland,Rio de la Plata
42004,Maldonado,40000,42000,Spanish American Mainland,Rio de la Plata
42005,Rio Negro,40000,42000,Spanish American Mainland,Rio de la Plata
42006,Ensenada de Barragán,40000,42000,Spanish American Mainland,Rio de la Plata
42007,Punta del Este,40000,42000,Spanish American Mainland,Rio de la Plata
42099,"Rio de la Plata, port unspecified",40000,42000,Spanish American Mainland,Rio de la Plata
43099,"Peru, port unspecified",40000,43000,Spanish American Mainland,Peru
44002,Talcahuano,40000,44000,Spanish American Mainland,Chile
50103,Pará,50000,50100,Brazil,Amazonia
50104,Guajano,50000,50100,Brazil,Amazonia
50105,Rio Amazona,50000,50100,Brazil,Amazonia
50106,"Ceará, port unspecified",50000,50100,Brazil,Amazonia
50107,Macapá,50000,50100,Brazil,Amazonia
50108,Belém,50000,50100,Brazil,Amazonia
50201,Pôrto Seguro,50000,50200,Brazil,Bahia
50202,Rio Real,50000,50200,Brazil,Bahia
50203,Rio São Francisco,50000,50200,Brazil,Bahia
50204,Taipu,50000,50200,Brazil,Bahia
50299,"Bahia, port unspecified",50000,50200,Brazil,Bahia
50301,Alagoas province,50000,50300,Brazil,Pernambuco
50302,Ilha de Itamaric,50000,50300,Brazil,Pernambuco
50303,Maceió,50000,50300,Brazil,Pernambuco
50304,Catuamo and Maria Farinha,50000,50300,Brazil,Pernambuco
50305,Porto de Galinhas,50000,50300,Brazil,Pernambuco
50306,Paraíba,50000,50300,Brazil,Pernambuco
50307,Rio Grande do Norte,50000,50300,Brazil,Pernambuco
50309,Fernando de Noronha,50000,50300,Brazil,Pernambuco
50311,Recife,50000,50300,Brazil,Pernambuco
50399,"Pernambuco, port unspecified",50000,50300,Brazil,Pernambuco
50402,Baía de Botafogo,50000,50400,Brazil,Southeast Brazil
50403,Baía de Sepetiba,50000,50400,Brazil,Southeast Brazil
50404,Cabo de Búzios,50000,50400,Brazil,Southeast Brazil
50405,Cabo Frio,50000,50400,Brazil,Southeast Brazil
50406,Campos,50000,50400,Brazil,Southeast Brazil
50407,Cananéia,50000,50400,Brazil,Southeast Brazil
50408,Copacabana,50000,50400,Brazil,Southeast Brazil
50409,Dois Rios,50000,50400,Brazil,Southeast Brazil
50410,Ilha de Paquetá,50000,50400,Brazil,Southeast Brazil
50411,Ilha das Palmas,50000,50400,Brazil,Southeast Brazil
50412,Ilha Grande,50000,50400,Brazil,Southeast Brazil
50413,Ilha de Lobes,50000,50400,Brazil,Southeast Brazil
50414,Ilha de Marambaia,50000,50400,Brazil,Southeast Brazil
50416,Macaé,50000,50400,Brazil,Southeast Brazil
50417,Mangaratiba,50000,50400,Brazil,Southeast Brazil
50418,Maricá,50000,50400,Brazil,Southeast Brazil
50419,Paranaguá,50000,50400,Brazil,Southeast Brazil
50420,Parati,50000,50400,Brazil,Southeast Brazil
50421,Ponta Negro,50000,50400,Brazil,Southeast Brazil
50422,Rio de Janeiro,50000,50400,Brazil,Southeast Brazil
50423,Rio de Janeiro province,50000,50400,Brazil,Southeast Brazil
50424,"Rio de Janeiro, Sao Paulo, Santa Catarina",50000,50400,Brazil,Southeast Brazil
50426,Rio Grande do Sul Province,50000,50400,Brazil,Southeast Brazil
50427,Rio São Jeso,50000,50400,Brazil,Southeast Brazil
50428,Santos,50000,50400,Brazil,Southeast Brazil
50430,São Sebastião,50000,50400,Brazil,Southeast Brazil
50431,Santa Catarina (a) St. Catherines,50000,50400,Brazil,Southeast Brazil
50433,Ubatuba,50000,50400,Brazil,Southeast Brazil
50434,Vitória,50000,50400,Brazil,Southeast Brazil
50435,"Laguna, Santa Catarina",50000,50400,Brazil,Southeast Brazil
50436,Ilha does Porcos,50000,50400,Brazil,Southeast Brazil
50437,São Vicente,50000,50400,Brazil,Southeast Brazil
50438,Espírito Santo,50000,50400,Brazil,Southeast Brazil
50499,"Southeast Brazil, port unspecified",50000,50400,Brazil,Southeast Brazil
60102,Arguim,60000,60100,Africa,Senegambia and off shore Atlantic
60103,Bissagos,60000,60100,Africa,Senegambia and off shore Atlantic
60104,Bissau,60000,60100,Africa,Senegambia and off shore Atlantic
60105,Cacheu,60000,60100,Africa,Senegambia and off shore Atlantic
60106,Casamance,60000,60100,Africa,Senegambia and off shore Atlantic
60107,Galam,60000,60100,Africa,Senegambia and off shore Atlantic
60108,Gambia,60000,60100,Africa,Senegambia and off shore Atlantic
60109,Gorée,60000,60100,Africa,Senegambia and off shore Atlantic
60110,James Fort,60000,60100,Africa,Senegambia and off shore Atlantic
60111,"Joal, or Saloum River",60000,60100,Africa,Senegambia and off shore Atlantic
60112,Oibo,60000,60100,Africa,Senegambia and off shore Atlantic
60113,Portudal,60000,60100,Africa,Senegambia and off shore Atlantic
60114,Portuguese Guinea,60000,60100,Africa,Senegambia and off shore Atlantic
60115,Rio Bolola,60000,60100,Africa,Senegambia and off shore Atlantic
60116,Rio Bramiah,60000,60100,Africa,Senegambia and off shore Atlantic
60117,Rio Grande,60000,60100,Africa,Senegambia and off shore Atlantic
60118,Saint-Louis,60000,60100,Africa,Senegambia and off shore Atlantic
60119,French Africa (Gorée or Senegal),60000,60100,Africa,Senegambia and off shore Atlantic
60126,Cape Verde Islands,60000,60100,Africa,Senegambia and off shore Atlantic
60127,Santa Catarina do Fogo,60000,60100,Africa,Senegambia and off shore Atlantic
60128,Madeira,60000,60100,Africa,Senegambia and off shore Atlantic
60129,Azores,60000,60100,Africa,Senegambia and off shore Atlantic
60130,Senegal,60000,60100,Africa,Senegambia and off shore Atlantic
60141,Canary Islands,60000,60100,Africa,Senegambia and off shore Atlantic
60142,Tenerife,60000,60100,Africa,Senegambia and off shore Atlantic
60199,"Senegambia and offshore Atlantic, port unspecified",60000,60100,Africa,Senegambia and off shore Atlantic
60201,Banana Islands,60000,60200,Africa,Sierra Leone
60202,Bance Island (Ben's Island),60000,60200,Africa,Sierra Leone
60203,Ben's Island,60000,60200,Africa,Sierra Leone
60204,Cacandia,60000,60200,Africa,Sierra Leone
60205,Côte de Malaguette (runs through to Cape Palmas on Windward Coast),60000,60200,Africa,Sierra Leone
60206,Delagoa,60000,60200,Africa,Sierra Leone
60207,Freetown,60000,60200,Africa,Sierra Leone
60208,Gallinhas,60000,60200,Africa,Sierra Leone
60209,Garraway Roads,60000,60200,Africa,Sierra Leone
60210,Iles de Los,60000,60200,Africa,Sierra Leone
60211,Iles Plantain,60000,60200,Africa,Sierra Leone
60212,Rio Nunez,60000,60200,Africa,Sierra Leone
60213,Rio Pongo,60000,60200,Africa,Sierra Leone
60214,Scarcies,60000,60200,Africa,Sierra Leone
60216,Settra Kou,60000,60200,Africa,Sierra Leone
60217,Sherbro,60000,60200,Africa,Sierra Leone
60218,Siraboom,60000,60200,Africa,Sierra Leone
60219,Sugary (Siekere),60000,60200,Africa,Sierra Leone
60220,Sierra Leone estuary,60000,60200,Africa,Sierra Leone
60241,Mano,60000,60200,Africa,Sierra Leone
60242,River Kissey,60000,60200,Africa,Sierra Leone
60299,"Sierra Leone, port unspecified",60000,60200,Africa,Sierra Leone
60301,Barason,60000,60300,Africa,Windward Coast
60302,Bassa,60000,60300,Africa,Windward Coast
60303,Batoa,60000,60300,Africa,Windward Coast
60304,Bercou,60000,60300,Africa,Windward Coast
60305,Cap des Palmes,60000,60300,Africa,Windward Coast
60306,Cape Mount (Cape Grand Mount),60000,60300,Africa,Windward Coast
60307,Cape Petit Mount,60000,60300,Africa,Windward Coast
60308,Cape Grand Mount,60000,60300,Africa,Windward Coast
60309,Cape Lahou,60000,60300,Africa,Windward Coast
60310,Cess,60000,60300,Africa,Windward Coast
60311,Grand Cess,60000,60300,Africa,Windward Coast
60312,Petit Cess,60000,60300,Africa,Windward Coast
60313,Dembia,60000,60300,Africa,Windward Coast
60314,Drouin,60000,60300,Africa,Windward Coast
60315,Grand Bassa,60000,60300,Africa,Windward Coast
60316,Little Bassa,60000,60300,Africa,Windward Coast
60317,Grand Bassam,60000,60300,Africa,Windward Coast
60318,Grand Junk,60000,60300,Africa,Windward Coast
60319,Little Junk,60000,60300,Africa,Windward Coast
60320,Mano,60000,60300,Africa,Windward Coast
60321,Grand Mesurado,60000,60300,Africa,Windward Coast
60322,Petit Mesurado,60000,60300,Africa,Windward Coast
60324,Rio Assini,60000,60300,Africa,Windward Coast
60325,Rio Cavalie,60000,60300,Africa,Windward Coast
60326,Rio Sinou,60000,60300,Africa,Windward Coast
60327,River Kissey,60000,60300,Africa,Windward Coast
60328,Sassandra,60000,60300,Africa,Windward Coast
60329,Grand Sestos,60000,60300,Africa,Windward Coast
60330,Rock Sestos,60000,60300,Africa,Windward Coast
60331,St. Paul,60000,60300,Africa,Windward Coast
60332,Tabou,60000,60300,Africa,Windward Coast
60333,Trade Town,60000,60300,Africa,Windward Coast
60334,Liberia,60000,60300,Africa,Windward Coast
60335,Ivory Coast,60000,60300,Africa,Windward Coast
60336,Young Sestos,60000,60300,Africa,Windward Coast
60337,Little Sestos,60000,60300,Africa,Windward Coast
60338,Kru Settra,60000,60300,Africa,Windward Coast
60339,Cape Palmas,60000,60300,Africa,Windward Coast
60340,Settra Kru,60000,60300,Africa,Windward Coast
60399,"Windward Coast, port unspecified",60000,60300,Africa,Windward Coast
60402,Danish Gold Coast,60000,60400,Africa,Gold Coast
60403,Acoda (Akka or Acquida),60000,60400,Africa,Gold Coast
60404,Accra,60000,60400,Africa,Gold Coast
60405,Alampo,60000,60400,Africa,Gold Coast
60407,Anomabu and Apam,60000,60400,Africa,Gold Coast
60408,Anomabu,60000,60400,Africa,Gold Coast
60409,Apammin,60000,60400,Africa,Gold Coast
60410,Apollonia,60000,60400,Africa,Gold Coast
60411,Axim,60000,60400,Africa,Gold Coast
60412,Cape Coast Castle,60000,60400,Africa,Gold Coast
60413,Chama,60000,60400,Africa,Gold Coast
60414,Christiansborg,60000,60400,Africa,Gold Coast
60415,Elmina,60000,60400,Africa,Gold Coast
60416,Eva,60000,60400,Africa,Gold Coast
60417,Kormantine,60000,60400,Africa,Gold Coast
60418,Lagoo,60000,60400,Africa,Gold Coast
60419,Mouree,60000,60400,Africa,Gold Coast
60420,Ningo,60000,60400,Africa,Gold Coast
60421,Rio Volta,60000,60400,Africa,Gold Coast
60422,Sekondi,60000,60400,Africa,Gold Coast
60423,Siekere,60000,60400,Africa,Gold Coast
60424,Tantumquerry,60000,60400,Africa,Gold Coast
60425,Wiamba,60000,60400,Africa,Gold Coast
60426,Gold Coast from Kormatine to Accra,60000,60400,Africa,Gold Coast
60427,Gold Coast east of Kormantine,60000,60400,Africa,Gold Coast
60428,Pokesoe (Princes Town),60000,60400,Africa,Gold Coast
60429,Boutry,60000,60400,Africa,Gold Coast
60430,Bercou,60000,60400,Africa,Gold Coast
60431,Takoradi,60000,60400,Africa,Gold Coast
60499,"Gold Coast, port unspecified",60000,60400,Africa,Gold Coast
60501,Benin,60000,60500,Africa,Bight of Benin
60502,Costa da Mina,60000,60500,Africa,Bight of Benin
60503,Aghway,60000,60500,Africa,Bight of Benin
60504,Agora,60000,60500,Africa,Bight of Benin
60505,Amokou,60000,60500,Africa,Bight of Benin
60506,Ardra,60000,60500,Africa,Bight of Benin
60507,Badagry,60000,60500,Africa,Bight of Benin
60508,Dixcove,60000,60500,Africa,Bight of Benin
60509,Epe,60000,60500,Africa,Bight of Benin
60510,Popo,60000,60500,Africa,Bight of Benin
60511,Little Popo,60000,60500,Africa,Bight of Benin
60512,Grand Popo,60000,60500,Africa,Bight of Benin
60513,Ife,60000,60500,Africa,Bight of Benin
60514,Jacquin,60000,60500,Africa,Bight of Benin
60515,Whydah,60000,60500,Africa,Bight of Benin
60516,Keta,60000,60500,Africa,Bight of Benin
60517,"Lagos, Onim",60000,60500,Africa,Bight of Benin
60518,Lamo River,60000,60500,Africa,Bight of Benin
60519,Lay,60000,60500,Africa,Bight of Benin
60520,Legas,60000,60500,Africa,Bight of Benin
60521,Oerê,60000,60500,Africa,Bight of Benin
60522,Pataquery,60000,60500,Africa,Bight of Benin
60523,Porto Novo,60000,60500,Africa,Bight of Benin
60524,Rio Forcados,60000,60500,Africa,Bight of Benin
60525,Rio Nazareth,60000,60500,Africa,Bight of Benin
60526,Rio Nun,60000,60500,Africa,Bight of Benin
60599,"Bight of Benin, port unspecified",60000,60500,Africa,Bight of Benin
60601,Andony,60000,60600,Africa,Bight of Biafra and Gulf of Guinea islands
60602,Barabalemo,60000,60600,Africa,Bight of Biafra and Gulf of Guinea islands
60603,Bilbay,60000,60600,Africa,Bight of Biafra and Gulf of Guinea islands
60604,Bimbia,60000,60600,Africa,Bight of Biafra and Gulf of Guinea islands
60605,Bonny,60000,60600,Africa,Bight of Biafra and Gulf of Guinea islands
60607,Bundy,60000,60600,Africa,Bight of Biafra and Gulf of Guinea islands
60608,Calabar,60000,60600,Africa,Bight of Biafra and Gulf of Guinea islands
60609,Cameroons,60000,60600,Africa,Bight of Biafra and Gulf of Guinea islands
60610,Cameroons River,60000,60600,Africa,Bight of Biafra and Gulf of Guinea islands
60611,Cape Baxos,60000,60600,Africa,Bight of Biafra and Gulf of Guinea islands
60612,Cap Lopez,60000,60600,Africa,Bight of Biafra and Gulf of Guinea islands
60613,Cap Lopez And Cabo Santa Catarina,60000,60600,Africa,Bight of Biafra and Gulf of Guinea islands
60614,Cape Lopez and Annobon,60000,60600,Africa,Bight of Biafra and Gulf of Guinea islands
60615,Corisco,60000,60600,Africa,Bight of Biafra and Gulf of Guinea islands
60616,Corisco and Princes Island,60000,60600,Africa,Bight of Biafra and Gulf of Guinea islands
60617,Fockey,60000,60600,Africa,Bight of Biafra and Gulf of Guinea islands
60618,Forke,60000,60600,Africa,Bight of Biafra and Gulf of Guinea islands
60619,Formosa,60000,60600,Africa,Bight of Biafra and Gulf of Guinea islands
60620,Gabon,60000,60600,Africa,Bight of Biafra and Gulf of Guinea islands
60621,Liverpool River,60000,60600,Africa,Bight of Biafra and Gulf of Guinea islands
60622,New Calabar,60000,60600,Africa,Bight of Biafra and Gulf of Guinea islands
60623,Quaqua,60000,60600,Africa,Bight of Biafra and Gulf of Guinea islands
60624,River Brass,60000,60600,Africa,Bight of Biafra and Gulf of Guinea islands
60625,River del Rey,60000,60600,Africa,Bight of Biafra and Gulf of Guinea islands
60626,Timbeys,60000,60600,Africa,Bight of Biafra and Gulf of Guinea islands
60627,Rio Nazareth,60000,60600,Africa,Bight of Biafra and Gulf of Guinea islands
60628,Calabary,60000,60600,Africa,Bight of Biafra and Gulf of Guinea islands
60660,Gulf of Guinea islands,60000,60600,Africa,Bight of Biafra and Gulf of Guinea islands
60661,Annobon,60000,60600,Africa,Bight of Biafra and Gulf of Guinea islands
60662,Epee and Princes Islands,60000,60600,Africa,Bight of Biafra and Gulf of Guinea islands
60663,Fernando Po,60000,60600,Africa,Bight of Biafra and Gulf of Guinea islands
60664,Fernando Po and Cameroons,60000,60600,Africa,Bight of Biafra and Gulf of Guinea islands
60665,Fernando Po and Princes Islands,60000,60600,Africa,Bight of Biafra and Gulf of Guinea islands
60666,Juda and Princes Islands,60000,60600,Africa,Bight of Biafra and Gulf of Guinea islands
60667,"Juda, Epee, Princes Island, and Annobon",60000,60600,Africa,Bight of Biafra and Gulf of Guinea islands
60668,Princes Island,60000,60600,Africa,Bight of Biafra and Gulf of Guinea islands
60669,Princes Island and Annobon,60000,60600,Africa,Bight of Biafra and Gulf of Guinea islands
60670,Princes Island and Cape Lopez,60000,60600,Africa,Bight of Biafra and Gulf of Guinea islands
60671,Princes Island and São Tomé,60000,60600,Africa,Bight of Biafra and Gulf of Guinea islands
60672,"Principe, Cap Lopez, Annobon",60000,60600,Africa,Bight of Biafra and Gulf of Guinea islands
60673,São Tomé,60000,60600,Africa,Bight of Biafra and Gulf of Guinea islands
60674,São Tomé and Annobon,60000,60600,Africa,Bight of Biafra and Gulf of Guinea islands
60675,São Tomé and Cape Lopez,60000,60600,Africa,Bight of Biafra and Gulf of Guinea islands
60676,São Tomé or Princes Island,60000,60600,Africa,Bight of Biafra and Gulf of Guinea islands
60677,Costa de Africa (mainland coast around S Tome/Principe),60000,60600,Africa,Bight of Biafra and Gulf of Guinea islands
60699,"Bight of Biafra and Gulf of Guinea Islands, port unspecified",60000,60600,Africa,Bight of Biafra and Gulf of Guinea islands
60701,Alecuba,60000,60700,Africa,West Central Africa and St. Helena
60702,Ambona,60000,60700,Africa,West Central Africa and St. Helena
60703,Ambriz,60000,60700,Africa,West Central Africa and St. Helena
60704,Ambrizete,60000,60700,Africa,West Central Africa and St. Helena
60705,"Barra de Cariba, Luanda",60000,60700,Africa,West Central Africa and St. Helena
60706,Bengo,60000,60700,Africa,West Central Africa and St. Helena
60707,Benguela,60000,60700,Africa,West Central Africa and St. Helena
60708,Benguela Velho,60000,60700,Africa,West Central Africa and St. Helena
60709,Boary,60000,60700,Africa,West Central Africa and St. Helena
60710,Bomara,60000,60700,Africa,West Central Africa and St. Helena
60711,Cabinda,60000,60700,Africa,West Central Africa and St. Helena
60712,Cabo Lopo Gonçalves,60000,60700,Africa,West Central Africa and St. Helena
60713,Cape Mole,60000,60700,Africa,West Central Africa and St. Helena
60714,Cape Padroon,60000,60700,Africa,West Central Africa and St. Helena
60715,Coanza River,60000,60700,Africa,West Central Africa and St. Helena
60716,Congo North,60000,60700,Africa,West Central Africa and St. Helena
60717,Congo River,60000,60700,Africa,West Central Africa and St. Helena
60718,Rio Zaire,60000,60700,Africa,West Central Africa and St. Helena
60719,Grenada Point,60000,60700,Africa,West Central Africa and St. Helena
60720,Iron Point,60000,60700,Africa,West Central Africa and St. Helena
60721,Kacongo,60000,60700,Africa,West Central Africa and St. Helena
60722,Kilongo,60000,60700,Africa,West Central Africa and St. Helena
60723,Liverpool River,60000,60700,Africa,West Central Africa and St. Helena
60724,Loango,60000,60700,Africa,West Central Africa and St. Helena
60725,Malembo,60000,60700,Africa,West Central Africa and St. Helena
60726,Mayumba,60000,60700,Africa,West Central Africa and St. Helena
60727,Metrueba,60000,60700,Africa,West Central Africa and St. Helena
60728,"Mossulo, Luanda",60000,60700,Africa,West Central Africa and St. Helena
60729,Mpinda,60000,60700,Africa,West Central Africa and St. Helena
60730,Nova Redonda,60000,60700,Africa,West Central Africa and St. Helena
60731,Penido,60000,60700,Africa,West Central Africa and St. Helena
60732,Quicombo,60000,60700,Africa,West Central Africa and St. Helena
60733,Salinas,60000,60700,Africa,West Central Africa and St. Helena
60734,Luanda,60000,60700,Africa,West Central Africa and St. Helena
60735,Rio Dande (N of Luanda),60000,60700,Africa,West Central Africa and St. Helena
60740,St. Helena,60000,60700,Africa,West Central Africa and St. Helena
60741,Soyo,60000,60700,Africa,West Central Africa and St. Helena
60742,Ponta da Lenha,60000,60700,Africa,West Central Africa and St. Helena
60799,"West Central Africa and St. Helena, port unspecified",60000,60700,Africa,West Central Africa and St. Helena
60801,Anghoza River,60000,60800,Africa,Southeast Africa and Indian Ocean islands
60802,Cabo Delgado,60000,60800,Africa,Southeast Africa and Indian Ocean islands
60803,Cape of Good Hope,60000,60800,Africa,Southeast Africa and Indian Ocean islands
60805,Costa Leste Occidental,60000,60800,Africa,Southeast Africa and Indian Ocean islands
60806,Ibo,60000,60800,Africa,Southeast Africa and Indian Ocean islands
60807,Inhambane,60000,60800,Africa,Southeast Africa and Indian Ocean islands
60808,Quirimba,60000,60800,Africa,Southeast Africa and Indian Ocean islands
60809,Kilwa,60000,60800,Africa,Southeast Africa and Indian Ocean islands
60810,Lourenço Marques,60000,60800,Africa,Southeast Africa and Indian Ocean islands
60811,Madagascar,60000,60800,Africa,Southeast Africa and Indian Ocean islands
60812,Mauratan,60000,60800,Africa,Southeast Africa and Indian Ocean islands
60813,Morondova,60000,60800,Africa,Southeast Africa and Indian Ocean islands
60814,Port Dauphin,60000,60800,Africa,Southeast Africa and Indian Ocean islands
60815,St. Mary's Island,60000,60800,Africa,Southeast Africa and Indian Ocean islands
60816,Tulia,60000,60800,Africa,Southeast Africa and Indian Ocean islands
60817,Mocambo,60000,60800,Africa,Southeast Africa and Indian Ocean islands
60819,Momboza or Zanzibar,60000,60800,Africa,Southeast Africa and Indian Ocean islands
60820,Mozambique,60000,60800,Africa,Southeast Africa and Indian Ocean islands
60821,"Pomba, Monfia",60000,60800,Africa,Southeast Africa and Indian Ocean islands
60822,Quilimane,60000,60800,Africa,Southeast Africa and Indian Ocean islands
60823,Sofala,60000,60800,Africa,Southeast Africa and Indian Ocean islands
60824,St. Lawrence,60000,60800,Africa,Southeast Africa and Indian Ocean islands
60826,Zanzibar,60000,60800,Africa,Southeast Africa and Indian Ocean islands
60831,Mascarene Islands,60000,60800,Africa,Southeast Africa and Indian Ocean islands
60832,Bourbon,60000,60800,Africa,Southeast Africa and Indian Ocean islands
60833,Ile de France,60000,60800,Africa,Southeast Africa and Indian Ocean islands
60834,Port-Louis,60000,60800,Africa,Southeast Africa and Indian Ocean islands
60836,Johanna Island,60000,60800,Africa,Southeast Africa and Indian Ocean islands
60837,Mauritius (Ile de France),60000,60800,Africa,Southeast Africa and Indian Ocean islands
60838,"Ascension, Assomption, and Bourbon",60000,60800,Africa,Southeast Africa and Indian Ocean islands
60899,"Southeast Africa and Indian Ocean islands, port unspecified",60000,60800,Africa,Southeast Africa and Indian Ocean islands
60901,Princes Island and Elmina,60000,60900,Africa,Other Africa
60902,Angola (possibly New Calabar),60000,60900,Africa,Other Africa
60903,Senegambia or Sierra Leone,60000,60900,Africa,Other Africa
60908,West of Cape Apolonia,60000,60900,Africa,Other Africa
60909,Angola to Ardra,60000,60900,Africa,Other Africa
60912,Windward + Ivory + Gold + Benin,60000,60900,Africa,Other Africa
60913,C.C. Castle and Windward,60000,60900,Africa,Other Africa
60914,Gold Coast + Bight of Benin + Bight of Biafra,60000,60900,Africa,Other Africa
60915,Bights,60000,60900,Africa,Other Africa
60916,Windward Coast (Nunez-Assini),60000,60900,Africa,Other Africa
60917,"Gold Coast, Fr. definition",60000,60900,Africa,Other Africa
60981,Causacoo (location undetermined),60000,60900,Africa,Other Africa
60982,Cape St Martha (location undetermined),60000,60900,Africa,Other Africa
60983,Casnasonis (locationundetermined),60000,60900,Africa,Other Africa
60984,Massa (location undetermined),60000,60900,Africa,Other Africa
60985,Touau-Toro (location undetermined),60000,60900,Africa,Other Africa
60986,Cape Logas (location undetermined),60000,60900,Africa,Other Africa
60999,"Africa., port unspecified",60000,60900,Africa,Other Africa
80201,"Guecka, location undetermined",80000,80200,Other,Americas
80202,"Rocus, location undetermined",80000,80200,Other,Americas
80203,"Kalas, location undetermined",80000,80200,Other,Americas
80204,"Imfors Bay, location undetermined",80000,80200,Other,Americas
80205,"Marrader (Morada?), location undetermined",80000,80200,Other,Americas
80499,"Spanish Americas, port unspecified",80000,80400,Other,Spanish Americas
80501,"Kingston, Savannah, Maryland",80000,80500,Other,British Americas
80599,"British Americas, port unspecified",80000,80500,Other,British Americas
80601,Bengal,80000,80600,Other,India
80602,Goa,80000,80600,Other,India
80603,Calcutta,80000,80600,Other,India
80604,Basse Indres,80000,80600,Other,India
80703,British plantations,80000,80700,Other,Non-geographical
80704,Non-British,80000,80700,Other,Non-geographical
80705,Captured by WIC,80000,80700,Other,Non-geographical
80706,Captured interloper,80000,80700,Other,Non-geographical
80707,Prize (unknown place),80000,80700,Other,Non-geographical
80708,Prize (taken from Dutch),80000,80700,Other,Non-geographical
80709,Prize (taken from French),80000,80700,Other,Non-geographical
80710,Prize (taken from Spanish),80000,80700,Other,Non-geographical
80711,Sold at sea to another vessel,80000,80700,Other,Non-geographical
80712,Wreck,80000,80700,Other,Non-geographical
80713,Slaves rescued at sea from a shipwreck,80000,80700,Other,Non-geographical
80714,Prize (taken from Portuguese),80000,80700,Other,Non-geographical
80715,Prize (taken from USA),80000,80700,Other,Non-geographical
80716,Taken at sea from pirates,80000,80700,Other,Non-geographical
80717,Seized at sea by Spanish officials,80000,80700,Other,Non-geographical
80799,Other non-geographical,80000,80700,Other,Non-geographical
80399,"Asia e Africa, port unspecified",80000,80300,Other,Asia e Africa
80401,"Spanish American Mainland, port unspecified",80000,80400,Other,Spanish Americas
80199,"East Indies, port unspecified",80000,80100,Other,East Indies
80299,"Americas, port unspecified",80000,80200,Other,Americas
50599,"Brazil, region unspecified",50000,50500,Brazil,Other Brazil
60101,Albreda,60000,60100,Africa,Senegambia and offshore Atlantic
45099,"Ecuador, port unspecified",40000,45000,Spanish Mainland Americas,Ecuador
50102,Maranhão,50000,50100,Brazil,Amazonia
44001,Valparaiso,40000,44000,Spanish Mainland Americas,Chile
43001,Lima,40000,43000,Spanish Mainland Americas,Peru
36599,"French Caribbean, colony unspecified",30000,36500,Caribbean,Other French Caribbean
37010,St. Croix,30000,37000,Caribbean,Danish West Indies
35101,Annotto Bay,30000,35100,Caribbean,Jamaica
34399,"St. Vincent, port unspecified",30000,34300,Caribbean,St. Vincent
34499,"Grenada, port unspecified",30000,34400,Caribbean,Grenada
34599,"Trinidad, port unspecified",30000,34500,Caribbean,Trinidad
34601,Zion Hill,30000,34600,Caribbean,Tobago
34199,"St. Lucia, port unspecified",30000,34100,Caribbean,St. Lucia
34201,King's Harbour,30000,34200,Caribbean,Barbados
33799,"Montserrat, port unspecified",30000,33700,Caribbean,Montserrat
33801,Roseau,30000,33800,Caribbean,Dominica
33599,"St. Kitts, port unspecified",30000,33500,Caribbean,St. Kitts
33601,Newcastle (Nevis),30000,33600,Caribbean,Nevis
33299,"Tortola, port unspecified",30000,33200,Caribbean,Tortola
33399,"Anguilla, port unspecified",30000,33300,Caribbean,Anguilla
33401,Saint John (Antigua),30000,33400,Caribbean,Antigua
